PDB ID,Res Name,Chain,Res ID,pKa
1A2P,ASP,C,8,3.1
1A2P,ASP,C,12,3.8
1A2P,HIS,C,18,7.75
1A2P,ASP,C,22,3.3
1A2P,GLU,C,29,3.75
1A2P,ASP,C,44,3.6
1A2P,ASP,C,54,2.2
1A2P,GLU,C,60,3.0
1A2P,GLU,C,73,2.1
1A2P,ASP,C,75,3.1
1A2P,ASP,C,86,4.2
1A2P,ASP,C,101,2.0
1A2P,HIS,C,102,6.3
1A6K,HIS,A,12,6.29
1A6K,HIS,A,24,6.2
1A6K,HIS,A,36,8.06
1A6K,HIS,A,48,5.25
1A6K,HIS,A,81,6.68
1A6K,HIS,A,97,5.63
1A6K,HIS,A,113,5.44
1A6K,HIS,A,116,6.49
1A6K,HIS,A,119,6.13
1B2X,ASP,A,8,3.1
1B2X,ASP,A,12,3.8
1B2X,HIS,A,18,7.75
1B2X,ASP,A,22,3.3
1B2X,GLU,A,29,3.75
1B2X,ASP,A,44,3.6
1B2X,GLU,A,60,3.0
1B2X,GLU,A,73,2.1
1B2X,ASP,A,75,3.1
1B2X,ASP,A,86,4.2
1B2X,HIS,A,102,6.3
1BEG,ASP,A,21,2.49
1BEG,ASP,A,30,2.51
1BEG,ASP,A,72,2.61
1BHC,ASP,J,3,3.0
1BHC,GLU,J,7,3.7
1BHC,LYS,J,15,10.6
1BHC,LYS,J,26,10.6
1BHC,LYS,J,41,10.8
1BHC,LYS,J,46,10.6
1BHC,GLU,J,49,3.8
1BHC,ASP,J,50,3.4
1BNI,ASP,B,8,3.1
1BNI,ASP,B,12,3.8
1BNI,HIS,B,18,7.75
1BNI,ASP,B,22,3.3
1BNI,GLU,B,29,3.75
1BNI,ASP,B,44,3.6
1BNI,GLU,B,60,3.0
1BNI,GLU,B,73,2.1
1BNI,ASP,B,75,3.1
1BNI,ASP,B,86,4.2
1BNI,HIS,B,102,6.3
1BPI,ASP,A,3,3.0
1BPI,GLU,A,7,3.7
1BPI,LYS,A,15,10.6
1BPI,LYS,A,26,10.6
1BPI,LYS,A,41,10.8
1BPI,LYS,A,46,10.6
1BPI,GLU,A,49,3.8
1BPI,ASP,A,50,3.4
1BVI,ASP,B,3,3.54
1BVI,ASP,B,15,3.52
1BVI,HIS,B,27,7.57
1BVI,GLU,B,28,5.61
1BVI,ASP,B,29,4.26
1BVI,GLU,B,31,5.36
1BVI,HIS,B,40,7.44
1BVI,GLU,B,46,3.62
1BVI,ASP,B,49,4.22
1BVI,GLU,B,58,3.96
1BVI,ASP,B,66,3.9
1BVI,GLU,B,82,3.27
1BVI,HIS,B,92,7.31
1BVI,GLU,B,102,5.3
1CDC,ASP,A,25,3.53
1CDC,ASP,A,26,3.58
1CDC,ASP,A,28,3.57
1CDC,GLU,A,29,4.42
1CDC,GLU,A,33,4.16
1CDC,GLU,A,41,6.73
1CDC,GLU,A,56,3.92
1CDC,ASP,A,62,4.15
1CDC,ASP,A,71,3.18
1CDC,ASP,A,72,4.14
1CDC,ASP,A,94,3.87
1CDC,GLU,A,99,4.25
1DE3,ASP,A,9,3.9
1DE3,GLU,A,19,4.6
1DE3,GLU,A,31,4.6
1DE3,HIS,A,35,6.3
1DE3,HIS,A,36,6.8
1DE3,HIS,A,50,7.7
1DE3,ASP,A,57,4.3
1DE3,ASP,A,59,4.1
1DE3,ASP,A,75,3.9
1DE3,HIS,A,82,7.3
1DE3,ASP,A,85,3.8
1DE3,HIS,A,92,6.9
1DE3,GLU,A,96,5.1
1DE3,HIS,A,104,6.6
1DE3,ASP,A,109,3.7
1DE3,GLU,A,115,4.9
1DE3,HIS,A,137,5.8
1DE3,GLU,A,140,4.3
1DE3,GLU,A,144,4.3
1DE3,HIS,A,150,7.6
1DG9,HIS,A,66,8.29
1DG9,HIS,A,72,9.19
1DWR,HIS,A,36,7.8
1DWR,HIS,A,48,5.62
1DWR,HIS,A,81,6.94
1DWR,HIS,A,113,5.87
1DWR,HIS,A,116,6.79
1DWR,HIS,A,119,6.56
1EGF,ASP,A,11,3.9
1EGF,GLU,A,24,4.1
1EGF,ASP,A,27,4.0
1EGF,ASP,A,40,3.6
1EGF,ASP,A,46,3.8
1EPH,HIS,A,22,6.8
1GB1,GLU,A,15,4.4
1GB1,ASP,A,22,2.9
1GB1,GLU,A,27,4.5
1GB1,ASP,A,36,3.8
1GB1,ASP,A,40,4.0
1GB1,ASP,A,46,3.6
1GB1,ASP,A,47,3.4
1GB1,GLU,A,56,4.0
1H4G,ASP,B,5,3.84
1H4G,HIS,B,11,6.52
1H4G,ASP,B,12,3.94
1H4G,ASP,B,15,3.35
1H4G,GLU,B,17,4.31
1H4G,ASP,B,21,3.46
1H4G,HIS,B,32,6.68
1H4G,GLU,B,56,4.55
1H4G,HIS,B,60,4.01
1H4G,ASP,B,90,3.88
1H4G,GLU,B,94,3.94
1H4G,GLU,B,126,4.51
1H4G,GLU,B,167,3.58
1H4G,GLU,B,178,4.1
1H4G,GLU,B,184,6.5
1I0V,ASP,A,3,3.54
1I0V,ASP,A,15,3.52
1I0V,HIS,A,27,7.57
1I0V,GLU,A,28,5.61
1I0V,ASP,A,29,4.26
1I0V,GLU,A,31,5.36
1I0V,HIS,A,40,7.44
1I0V,GLU,A,46,3.62
1I0V,ASP,A,49,4.22
1I0V,GLU,A,58,3.96
1I0V,ASP,A,66,3.9
1I0V,GLU,A,82,3.27
1I0V,HIS,A,92,7.31
1I0V,GLU,A,102,5.3
1IG5,LYS,A,1,10.59
1IG5,GLU,A,4,3.77
1IG5,GLU,A,5,3.4
1IG5,LYS,A,7,11.36
1IG5,GLU,A,11,4.74
1IG5,LYS,A,12,11.06
1IG5,LYS,A,16,11.06
1IG5,LYS,A,25,11.81
1IG5,GLU,A,26,4.08
1IG5,LYS,A,29,11.28
1IG5,LYS,A,41,10.93
1IG5,ASP,A,47,3.04
1IG5,GLU,A,48,4.62
1IG5,LYS,A,55,12.12
1IG5,GLU,A,64,3.84
1IG5,LYS,A,71,10.73
1IG5,LYS,A,72,11.33
1IGC,GLU,A,20,4.3
1IGC,ASP,A,27,2.9
1IGC,GLU,A,29,4.2
1IGC,GLU,A,32,4.6
1IGC,ASP,A,41,3.9
1IGC,ASP,A,45,4.4
1IGC,ASP,A,51,3.6
1IGC,ASP,A,52,3.4
1IGC,GLU,A,61,4.2
1IGD,LYS,A,24,10.7
1KF3,GLU,A,2,2.7
1KF3,HIS,A,12,6.0
1KF3,ASP,A,38,2.1
1KF3,GLU,A,49,4.3
1KF3,ASP,A,53,3.7
1KF3,ASP,A,83,3.3
1KF3,GLU,A,86,4.0
1KF3,HIS,A,105,6.5
1KF3,HIS,A,119,6.5
1KF3,ASP,A,121,3.0
1LNI,ASP,A,1,3.44
1LNI,GLU,A,14,5.02
1LNI,ASP,A,17,3.72
1LNI,ASP,A,25,4.87
1LNI,ASP,A,33,2.39
1LNI,GLU,A,41,4.14
1LNI,HIS,A,53,8.27
1LNI,GLU,A,74,3.47
1LNI,GLU,A,78,3.13
1LNI,ASP,A,79,7.37
1LNI,ASP,A,84,3.01
1LNI,HIS,A,85,6.35
1LNI,ASP,A,93,3.09
1LSE,LYS,A,1,10.8
1LSE,GLU,A,7,2.85
1LSE,LYS,A,13,10.5
1LSE,ASP,A,18,2.66
1LSE,LYS,A,33,10.6
1LSE,GLU,A,35,6.2
1LSE,ASP,A,48,1.6
1LSE,ASP,A,52,3.68
1LSE,ASP,A,87,2.07
1LSE,LYS,A,96,10.8
1LSE,LYS,A,97,10.3
1LSE,ASP,A,101,4.09
1LSE,LYS,A,116,10.4
1LSE,ASP,A,119,3.2
1PGA,GLU,A,19,3.7
1PGA,GLU,A,42,4.4
1QH7,ASP,A,5,3.84
1QH7,HIS,A,11,6.52
1QH7,ASP,A,12,3.94
1QH7,ASP,A,15,3.35
1QH7,GLU,A,17,4.31
1QH7,ASP,A,21,3.46
1QH7,HIS,A,32,6.68
1QH7,GLU,A,56,4.55
1QH7,HIS,A,60,4.01
1QH7,ASP,A,90,3.88
1QH7,GLU,A,94,3.94
1QH7,GLU,A,126,4.51
1QH7,GLU,A,167,3.58
1QH7,GLU,A,178,4.1
1QH7,GLU,A,184,6.5
1XNB,ASP,A,4,3.0
1XNB,ASP,A,11,2.5
1XNB,GLU,A,78,4.6
1XNB,ASP,A,106,2.7
1XNB,ASP,A,119,3.2
1XNB,ASP,A,121,3.6
1XNB,GLU,A,172,7.2
2IGH,GLU,A,20,4.3
2IGH,ASP,A,27,2.9
2IGH,GLU,A,29,4.2
2IGH,GLU,A,32,4.6
2IGH,ASP,A,41,3.9
2IGH,ASP,A,45,4.4
2IGH,ASP,A,51,3.6
2IGH,ASP,A,52,3.4
2IGH,GLU,A,61,4.2
2QMT,GLU,A,15,4.4
2QMT,GLU,A,19,3.7
2QMT,ASP,A,22,2.9
2QMT,GLU,A,27,4.5
2QMT,ASP,A,36,3.8
2QMT,ASP,A,40,4.0
2QMT,GLU,A,42,4.4
2QMT,ASP,A,46,3.6
2QMT,ASP,A,47,3.4
2QMT,GLU,A,56,4.0
3RN3,GLU,A,9,4.0
3RN3,GLU,A,111,3.5
3RN3,HIS,A,48,6.0
4ICB,LYS,A,1,10.59
4ICB,GLU,A,4,3.77
4ICB,GLU,A,5,3.4
4ICB,LYS,A,7,11.36
4ICB,GLU,A,11,4.74
4ICB,LYS,A,12,11.06
4ICB,LYS,A,16,10.06
4ICB,LYS,A,25,11.81
4ICB,GLU,A,26,4.08
4ICB,LYS,A,29,11.28
4ICB,LYS,A,41,10.93
4ICB,ASP,A,47,3.04
4ICB,GLU,A,48,4.62
4ICB,LYS,A,55,12.12
4ICB,GLU,A,64,3.84
4ICB,LYS,A,71,10.72
4ICB,LYS,A,72,11.33
4LZT,HIS,A,15,5.36
1QLP,CYS,A,232,6.86
4MA9,CYS,A,46,5.94
1P5F,CYS,A,106,5.4
1I0E,CYS,A,283,5.6
2L90,CYS,A,72,7.2
1EH6,CYS,A,145,5.3
2HNP,CYS,A,215,5.57
1PPO,CYS,A,25,2.88
1YPT,CYS,A,403,4.67
1UBQ,GLU,A,16,3.9
1UBQ,GLU,A,18,4.3
1UBQ,ASP,A,21,3.1
1UBQ,GLU,A,24,4.3
1UBQ,ASP,A,32,3.8
1UBQ,GLU,A,34,4.5
1UBQ,ASP,A,39,3.6
1UBQ,GLU,A,51,3.8
1UBQ,ASP,A,52,3.4
1UBQ,ASP,A,58,3.6
1UBQ,GLU,A,64,4.5
2OVO,ASP,A,7,2.67
2OVO,ASP,A,27,2.3
2OVO,GLU,A,10,4.14
2OVO,GLU,A,19,3.21
2OVO,GLU,A,43,4.81
2OVO,LYS,A,13,9.86
2OVO,LYS,A,29,11.12
2OVO,LYS,A,34,10.13
2OVO,LYS,A,55,11.1
1RGG,GLU,A,54,3.42
2CPL,HIS,A,70,5.84
2CPL,HIS,A,126,6.34
1LZ1,HIS,A,78,7.12
1STG,HIS,A,46,5.8
1STG,HIS,A,8,6.82
1STG,HIS,A,124,5.99
135L,ASP,A,18,2.68
135L,ASP,A,52,3.78
135L,ASP,A,87,2.13
135L,ASP,A,119,3.35
135L,GLU,A,7,2.68
135L,GLU,A,35,6.06
1DIV,ASP,A,8,2.99
1DIV,ASP,A,23,3.05
1DIV,GLU,A,17,3.57
1DIV,GLU,A,38,4.04
1DIV,GLU,A,48,4.21
1DIV,GLU,A,54,4.21
4HHB,HIS,A,20,7.6
4HHB,HIS,A,50,7.2
4HHB,HIS,A,72,7.3
4HHB,HIS,A,89,7.2
4HHB,HIS,A,112,8.1
4HHB,HIS,B,2,6.7
4HHB,HIS,B,77,7.8
4HHB,HIS,B,143,5.6
4HHB,HIS,B,146,8.1
1ERT,GLU,A,6,4.8
1ERT,GLU,A,13,4.8
1ERT,ASP,A,16,3.7
1ERT,ASP,A,20,3.6
1ERT,ASP,A,26,9.9
1ERT,CYS,A,32,6.3
1ERT,HIS,A,43,5.5
1ERT,GLU,A,47,4.1
1ERT,GLU,A,56,5.0
1ERT,ASP,A,58,3.1
1ERT,ASP,A,60,4.2
1ERT,ASP,A,61,5.3
1ERT,ASP,A,64,3.1
1ERT,GLU,A,68,4.9
1ERT,GLU,A,70,4.6
1ERT,GLU,A,88,3.7
1ERT,GLU,A,95,4.1
1ERT,GLU,A,98,3.9
1ERT,GLU,A,103,4.4
1FNA,GLU,A,38,3.8
1FNA,GLU,A,47,3.9
1FNA,ASP,A,67,4.2
1FNA,ASP,A,80,3.4
3SRN,HIS,A,12,6.03
3SRN,HIS,A,105,6.82
3SRN,HIS,B,119,6.33
6GST,HIS,A,83,5.18
6GST,HIS,A,84,7.08
6GST,HIS,A,167,7.77
3SSI,HIS,A,106,6.0
1YGW,ASP,A,3,3.54
1YGW,ASP,A,15,3.52
1YGW,ASP,A,29,4.26
1YGW,ASP,A,49,4.22
1YGW,ASP,A,66,3.9
1YGW,GLU,A,28,5.61
1YGW,GLU,A,31,5.36
1YGW,GLU,A,46,3.62
1YGW,GLU,A,58,3.96
1YGW,GLU,A,82,3.27
1YGW,GLU,A,102,5.3
1YGW,HIS,A,27,7.57
1YGW,HIS,A,40,7.44
1YGW,HIS,A,92,7.31
1BI6,GLU,L,5,4.0
1BI6,ASP,H,9,3.0
1BI6,ASP,H,13,3.8
1BI6,ASP,H,32,3.1
1BI6,ASP,H,38,3.7
1BI6,GLU,H,1,3.3
1BI6,GLU,H,2,3.3
1BI6,GLU,H,24,4.2
1FKS,HIS,A,94,5.84
1FKS,HIS,A,87,6.51
2BCA,LYS,A,1,10.59
2BCA,LYS,A,7,11.36
2BCA,LYS,A,12,11.06
2BCA,LYS,A,16,11.06
2BCA,GLU,A,26,4.08
2BCA,LYS,A,29,11.28
2BCA,LYS,A,41,10.93
2BCA,LYS,A,55,12.12
2BCA,LYS,A,71,10.73
2BCA,LYS,A,72,11.33
1STN,HIS,A,121,5.3
1STN,ASP,A,40,3.87
1STN,ASP,A,143,3.8
1STN,ASP,A,146,3.86
1STN,GLU,A,10,2.82
1STN,GLU,A,43,4.32
1STN,GLU,A,52,3.93
1STN,GLU,A,57,3.49
1STN,GLU,A,67,3.76
1STN,GLU,A,73,3.31
1STN,GLU,A,75,3.26
1STN,GLU,A,101,3.81
1STN,GLU,A,122,3.89
1STN,GLU,A,129,3.75
1STN,GLU,A,135,3.76
1STN,GLU,A,142,4.49
1PPF,LYS,I,13,9.87
1PPF,LYS,I,29,11.12
1PPF,LYS,I,34,10.13
1PPF,LYS,I,55,11.1
2TGA,HIS,A,40,4.57
2TGA,HIS,A,57,7.33
1MEK,CYS,A,36,4.5
1SAP,GLU,A,11,4.19
1SAP,GLU,A,12,4.41
1SAP,GLU,A,14,4.0
1SAP,ASP,A,16,2.89
1SAP,ASP,A,35,3.42
1SAP,ASP,A,36,3.12
1SAP,GLU,A,47,4.21
1SAP,ASP,A,49,3.55
1SAP,GLU,A,53,3.53
1SAP,ASP,A,56,3.35
1SAP,GLU,A,62,3.99
1SAP,GLU,A,64,4.23
1BNZ,GLU,A,11,4.17
1BNZ,GLU,A,12,4.33
1BNZ,ASP,A,16,2.62
1BNZ,ASP,A,35,2.67
1BNZ,GLU,A,36,4.89
1BNZ,GLU,A,48,4.03
1BNZ,ASP,A,50,3.55
1BNZ,GLU,A,54,3.56
1BNZ,GLU,A,60,4.24
1HNG,ASP,A,2,3.55
1HNG,ASP,A,25,3.53
1HNG,ASP,A,26,3.58
1HNG,ASP,A,28,3.57
1HNG,ASP,A,62,4.15
1HNG,ASP,A,71,3.18
1HNG,ASP,A,72,4.14
1HNG,ASP,A,94,3.87
1HNG,GLU,A,29,4.42
1HNG,GLU,A,33,4.16
1HNG,GLU,A,41,6.73
1HNG,GLU,A,56,3.92
1HNG,GLU,A,99,4.25
2ZTA,ASP,A,7,3.48
2ZTA,GLU,A,6,4.6
2ZTA,GLU,A,10,3.94
2ZTA,GLU,A,11,4.05
2ZTA,GLU,A,20,4.38
2ZTA,GLU,A,22,4.2
2ZTA,HIS,A,18,6.24
2ZTA,LYS,A,3,10.78
2ZTA,LYS,A,8,11.26
2ZTA,LYS,A,15,10.62
2ZTA,LYS,A,27,11.1
2ZTA,LYS,A,28,10.64
4MBN,HIS,A,36,7.83
4MBN,HIS,A,113,5.51
4MBN,HIS,A,116,6.66
4MBN,HIS,A,119,6.38
1EX3,ASP,A,102,1.36
1EX3,ASP,A,194,2.29
1YPH,ASP,C,102,2.77
1YPH,HIS,C,40,7.2
1YPH,HIS,C,57,6.14
1ANS,GLU,A,20,5.4
1U2U,GLU,A,1,4.1
1U2U,GLU,A,6,4.9
1U2U,GLU,A,8,4.89
1U2U,GLU,A,13,4.42
1U2U,GLU,A,15,4.09
1U2U,GLU,A,20,4.21
1U2U,GLU,A,22,4.83
1U2U,GLU,A,27,4.74
1U2U,HIS,A,28,6.79
1U2U,GLU,A,29,4.63
1DUK,HIS,A,81,6.58
1NFN,LYS,A,1,10.5
1NFN,LYS,A,69,10.4
1NFN,LYS,A,72,10.0
1NFN,LYS,A,75,10.1
1NFN,LYS,A,95,10.1
1NFN,LYS,A,143,9.5
1NFN,LYS,A,146,9.2
1NFN,LYS,A,157,11.1
1GS9,LYS,A,1,10.5
1GS9,LYS,A,69,10.4
1GS9,LYS,A,72,10.0
1GS9,LYS,A,75,10.1
1GS9,LYS,A,95,10.1
1GS9,LYS,A,143,9.5
1GS9,LYS,A,146,9.2
1GS9,LYS,A,157,11.1
1MUT,LYS,A,39,8.4
1FMH,GLU,A,1,4.14
1FMH,GLU,A,6,4.82
1FMH,GLU,A,8,4.52
1FMH,GLU,A,13,4.37
1FMH,GLU,A,15,4.11
1FMH,GLU,A,20,4.41
1FMH,GLU,A,22,4.82
1FMH,GLU,A,27,4.65
1FMH,GLU,A,29,4.63
1FMH,GLU,B,1,4.22
1HV1,GLU,A,78,4.6
1HV1,GLU,A,172,7.2
1HV0,GLU,A,78,4.6
1HV0,GLU,A,172,7.2
1BCX,GLU,A,78,4.6
1A93,HIS,A,29,6.85
1HIC,ASP,A,5,4.25
1HIC,ASP,A,33,4.24
1HIC,GLU,A,8,4.28
1HIC,GLU,A,17,3.79
1HIC,GLU,A,35,4.32
1HIC,GLU,A,43,4.24
1LZ3,ASP,A,18,2.68
1LZ3,ASP,A,52,3.78
1LZ3,ASP,A,87,2.13
1LZ3,ASP,A,119,3.35
1LZ3,GLU,A,7,2.68
1LZ3,GLU,A,35,6.06
1A91,ASP,A,7,5.6
1A91,ASP,A,44,5.6
1A91,ASP,A,61,7.1
1A91,GLU,A,2,5.5
1A91,GLU,A,37,5.5
1TRS,ASP,A,16,4.2
1TRS,ASP,A,20,3.8
1TRS,ASP,A,58,2.7
1TRS,ASP,A,60,3.9
1TRS,ASP,A,61,5.2
1TRS,ASP,A,64,3.2
1TRS,GLU,A,6,4.9
1TRS,GLU,A,13,4.4
1TRS,GLU,A,47,4.3
1TRS,GLU,A,56,3.2
1TRS,GLU,A,68,5.1
1TRS,GLU,A,70,4.8
1TRS,GLU,A,88,3.6
1TRS,GLU,A,95,4.1
1TRS,GLU,A,98,3.9
1TRS,GLU,A,103,4.5
1JBB,CYS,A,87,11.1
1JAS,CYS,A,88,10.2
3RUZ,LYS,A,68,7.4
4HMI,LYS,A,93,6.5
3C1E,LYS,A,119,6.2
